-- phpMyAdmin SQL Dump
-- version 4.6.5.2
-- https://www.phpmyadmin.net/
--
-- Host: 127.0.0.1
-- Generation Time: Apr 06, 2017 at 02:37 AM
-- Server version: 10.1.21-MariaDB
-- PHP Version: 5.6.30

SET SQL_MODE = "NO_AUTO_VALUE_ON_ZERO";
SET time_zone = "+00:00";


/*!40101 SET @OLD_CHARACTER_SET_CLIENT=@@CHARACTER_SET_CLIENT */;
/*!40101 SET @OLD_CHARACTER_SET_RESULTS=@@CHARACTER_SET_RESULTS */;
/*!40101 SET @OLD_COLLATION_CONNECTION=@@COLLATION_CONNECTION */;
/*!40101 SET NAMES utf8mb4 */;

--
-- Database: `faceback`
--

-- --------------------------------------------------------

--
-- Table structure for table `admin_info`
--

CREATE TABLE `admin_info` (
  `Username` varchar(200) NOT NULL,
  `Password` varchar(200) NOT NULL
) ENGINE=InnoDB DEFAULT CHARSET=latin1;

--
-- Dumping data for table `admin_info`
--

INSERT INTO `admin_info` (`Username`, `Password`) VALUES
('98d34c1758b15b5a359b69c2b08c5767', '98d34c1758b15b5a359b69c2b08c5767');

-- --------------------------------------------------------

--
-- Table structure for table `feedback`
--

CREATE TABLE `feedback` (
  `feedback_id` int(7) NOT NULL,
  `user_id` int(7) NOT NULL,
  `feedback_txt` varchar(120) NOT NULL,
  `star` varchar(1) NOT NULL,
  `Date` varchar(30) NOT NULL
) ENGINE=InnoDB DEFAULT CHARSET=latin1;

--
-- Dumping data for table `feedback`
--

INSERT INTO `feedback` (`feedback_id`, `user_id`, `feedback_txt`, `star`, `Date`) VALUES
(2, 8, 'Thanks Rohan', '5', '30-9-2013 11:34');

-- --------------------------------------------------------

--
-- Table structure for table `group_chat`
--

CREATE TABLE `group_chat` (
  `chat_id` int(10) NOT NULL,
  `user_id` int(7) NOT NULL,
  `chat_txt` text NOT NULL,
  `time` varchar(30) NOT NULL
) ENGINE=InnoDB DEFAULT CHARSET=latin1;

--
-- Dumping data for table `group_chat`
--

INSERT INTO `group_chat` (`chat_id`, `user_id`, `chat_txt`, `time`) VALUES
(1, 8, 'Hello Friends How are you ? ', '30-9-2013 11:35');

-- --------------------------------------------------------

--
-- Table structure for table `users`
--

CREATE TABLE `users` (
  `user_id` int(7) NOT NULL,
  `Name` varchar(25) NOT NULL,
  `Email` varchar(30) NOT NULL,
  `Password` varchar(30) NOT NULL,
  `Gender` varchar(6) NOT NULL,
  `Birthday_Date` varchar(11) NOT NULL,
  `FB_Join_Date` varchar(30) NOT NULL
) ENGINE=InnoDB DEFAULT CHARSET=latin1;

--
-- Dumping data for table `users`
--

INSERT INTO `users` (`user_id`, `Name`, `Email`, `Password`, `Gender`, `Birthday_Date`, `FB_Join_Date`) VALUES
(8, 'Amit Dodiya', 'amit.ad1i4@yahoo.com', 'myfaceback', 'Male', '14-1-1994', '18-9-2013 22:10'),
(25, 'shsdhs bgjsdgj', 'asdg@gmail.com', 'asfasfafaf', 'Male', '17-9-1989', '6-4-2017 5:40'),
(26, 'Admin Ji', 'admin@gmail.com', 'administrator', 'Male', '1-6-1996', '6-4-2017 6:4');

-- --------------------------------------------------------

--
-- Table structure for table `users_notice`
--

CREATE TABLE `users_notice` (
  `notice_id` int(7) NOT NULL,
  `user_id` int(7) NOT NULL,
  `notice_txt` varchar(120) NOT NULL,
  `notice_time` varchar(30) NOT NULL
) ENGINE=InnoDB DEFAULT CHARSET=latin1;

-- --------------------------------------------------------

--
-- Table structure for table `user_cover_pic`
--

CREATE TABLE `user_cover_pic` (
  `cover_id` int(7) NOT NULL,
  `user_id` int(7) NOT NULL,
  `image` varchar(150) NOT NULL
) ENGINE=InnoDB DEFAULT CHARSET=latin1;

--
-- Dumping data for table `user_cover_pic`
--

INSERT INTO `user_cover_pic` (`cover_id`, `user_id`, `image`) VALUES
(7, 8, '999584_496501817111249_1587007043_n.jpg');

-- --------------------------------------------------------

--
-- Table structure for table `user_info`
--

CREATE TABLE `user_info` (
  `user_id` int(7) NOT NULL,
  `job` varchar(100) NOT NULL,
  `school_or_collage` varchar(100) NOT NULL,
  `current_city` varchar(100) NOT NULL,
  `hometown` varchar(100) NOT NULL,
  `relationship_status` varchar(30) NOT NULL,
  `mobile_no` varchar(15) NOT NULL,
  `mobile_no_priority` varchar(10) NOT NULL,
  `website` varchar(100) NOT NULL,
  `Facebook_ID` varchar(100) NOT NULL
) ENGINE=InnoDB DEFAULT CHARSET=latin1;

--
-- Dumping data for table `user_info`
--

INSERT INTO `user_info` (`user_id`, `job`, `school_or_collage`, `current_city`, `hometown`, `relationship_status`, `mobile_no`, `mobile_no_priority`, `website`, `Facebook_ID`) VALUES
(8, '', 'vccm', 'Rajkot', 'Rajkot', 'Single', '7600898210', 'Public', 'www.wix.com/amitad1i4/amit', 'www.facebook.com/Amit.000002'),
(25, '', '', '', '', '', '', '', '', ''),
(26, '', '', '', '', '', '', '', '', '');

-- --------------------------------------------------------

--
-- Table structure for table `user_post`
--

CREATE TABLE `user_post` (
  `post_id` int(7) NOT NULL,
  `user_id` int(7) NOT NULL,
  `post_txt` text NOT NULL,
  `post_pic` varchar(150) NOT NULL,
  `post_time` varchar(30) NOT NULL,
  `priority` varchar(8) NOT NULL
) ENGINE=InnoDB DEFAULT CHARSET=latin1;

--
-- Dumping data for table `user_post`
--

INSERT INTO `user_post` (`post_id`, `user_id`, `post_txt`, `post_pic`, `post_time`, `priority`) VALUES
(46, 8, 'Join Faceback', '', '18-9-2013 22:10', 'Public'),
(79, 25, 'Join Faceback', '', '6-4-2017 5:40', 'Public'),
(80, 26, 'Join Faceback', '', '6-4-2017 6:4', 'Public');

-- --------------------------------------------------------

--
-- Table structure for table `user_post_comment`
--

CREATE TABLE `user_post_comment` (
  `comment_id` int(7) NOT NULL,
  `post_id` int(7) NOT NULL,
  `user_id` int(7) NOT NULL,
  `comment` text NOT NULL
) ENGINE=InnoDB DEFAULT CHARSET=latin1;

-- --------------------------------------------------------

--
-- Table structure for table `user_post_status`
--

CREATE TABLE `user_post_status` (
  `status_id` int(7) NOT NULL,
  `post_id` int(7) NOT NULL,
  `user_id` int(7) NOT NULL,
  `status` varchar(7) NOT NULL
) ENGINE=InnoDB DEFAULT CHARSET=latin1;

-- --------------------------------------------------------

--
-- Table structure for table `user_profile_pic`
--

CREATE TABLE `user_profile_pic` (
  `profile_id` int(7) NOT NULL,
  `user_id` int(7) NOT NULL,
  `image` varchar(150) NOT NULL
) ENGINE=InnoDB DEFAULT CHARSET=latin1;

--
-- Dumping data for table `user_profile_pic`
--

INSERT INTO `user_profile_pic` (`profile_id`, `user_id`, `image`) VALUES
(6, 8, 'my.jpg'),
(22, 25, 'android-phone-color.png'),
(23, 26, 'logo.png');

-- --------------------------------------------------------

--
-- Table structure for table `user_secret_quotes`
--

CREATE TABLE `user_secret_quotes` (
  `user_id` int(7) NOT NULL,
  `Question1` varchar(50) NOT NULL,
  `Answer1` varchar(20) NOT NULL,
  `Question2` varchar(50) NOT NULL,
  `Answer2` varchar(20) NOT NULL
) ENGINE=InnoDB DEFAULT CHARSET=latin1;

--
-- Dumping data for table `user_secret_quotes`
--

INSERT INTO `user_secret_quotes` (`user_id`, `Question1`, `Answer1`, `Question2`, `Answer2`) VALUES
(8, 'what is the first name of your oldest nephew?', 'OneRaj', 'who is your all-time favorite movie character?', 'Amir Khan'),
(25, 'what is the first name of your favorite uncle?', 'tkhgkgkk', 'what was you first pets name?', 'hgkghkghkk'),
(26, 'what is the first name of your favorite uncle?', 'admin', 'what was the last name of your first boss?', 'admin');

-- --------------------------------------------------------

--
-- Table structure for table `user_status`
--

CREATE TABLE `user_status` (
  `user_id` int(7) NOT NULL,
  `status` varchar(8) NOT NULL
) ENGINE=InnoDB DEFAULT CHARSET=latin1;

--
-- Dumping data for table `user_status`
--

INSERT INTO `user_status` (`user_id`, `status`) VALUES
(8, 'Offline'),
(25, 'Offline'),
(26, 'Online');

-- --------------------------------------------------------

--
-- Table structure for table `user_warning`
--

CREATE TABLE `user_warning` (
  `user_id` int(7) NOT NULL,
  `warning_txt` varchar(200) NOT NULL
) ENGINE=InnoDB DEFAULT CHARSET=latin1;

--
-- Indexes for dumped tables
--

--
-- Indexes for table `feedback`
--
ALTER TABLE `feedback`
  ADD PRIMARY KEY (`feedback_id`),
  ADD KEY `user_id` (`user_id`);

--
-- Indexes for table `group_chat`
--
ALTER TABLE `group_chat`
  ADD PRIMARY KEY (`chat_id`),
  ADD KEY `user_id` (`user_id`);

--
-- Indexes for table `users`
--
ALTER TABLE `users`
  ADD PRIMARY KEY (`user_id`);

--
-- Indexes for table `users_notice`
--
ALTER TABLE `users_notice`
  ADD PRIMARY KEY (`notice_id`),
  ADD KEY `user_id` (`user_id`);

--
-- Indexes for table `user_cover_pic`
--
ALTER TABLE `user_cover_pic`
  ADD PRIMARY KEY (`cover_id`),
  ADD KEY `user_id` (`user_id`);

--
-- Indexes for table `user_info`
--
ALTER TABLE `user_info`
  ADD KEY `user_id` (`user_id`);

--
-- Indexes for table `user_post`
--
ALTER TABLE `user_post`
  ADD PRIMARY KEY (`post_id`),
  ADD KEY `user_id` (`user_id`);

--
-- Indexes for table `user_post_comment`
--
ALTER TABLE `user_post_comment`
  ADD PRIMARY KEY (`comment_id`),
  ADD KEY `user_id` (`user_id`),
  ADD KEY `post_id` (`post_id`);

--
-- Indexes for table `user_post_status`
--
ALTER TABLE `user_post_status`
  ADD PRIMARY KEY (`status_id`),
  ADD KEY `user_id` (`user_id`);

--
-- Indexes for table `user_profile_pic`
--
ALTER TABLE `user_profile_pic`
  ADD PRIMARY KEY (`profile_id`),
  ADD KEY `user_id` (`user_id`);

--
-- Indexes for table `user_secret_quotes`
--
ALTER TABLE `user_secret_quotes`
  ADD KEY `user_id` (`user_id`);

--
-- Indexes for table `user_status`
--
ALTER TABLE `user_status`
  ADD KEY `user_id` (`user_id`);

--
-- Indexes for table `user_warning`
--
ALTER TABLE `user_warning`
  ADD KEY `user_id` (`user_id`);

--
-- AUTO_INCREMENT for dumped tables
--

--
-- AUTO_INCREMENT for table `feedback`
--
ALTER TABLE `feedback`
  MODIFY `feedback_id` int(7) NOT NULL AUTO_INCREMENT, AUTO_INCREMENT=3;
--
-- AUTO_INCREMENT for table `group_chat`
--
ALTER TABLE `group_chat`
  MODIFY `chat_id` int(10) NOT NULL AUTO_INCREMENT, AUTO_INCREMENT=3;
--
-- AUTO_INCREMENT for table `users`
--
ALTER TABLE `users`
  MODIFY `user_id` int(7) NOT NULL AUTO_INCREMENT, AUTO_INCREMENT=27;
--
-- AUTO_INCREMENT for table `users_notice`
--
ALTER TABLE `users_notice`
  MODIFY `notice_id` int(7) NOT NULL AUTO_INCREMENT;
--
-- AUTO_INCREMENT for table `user_cover_pic`
--
ALTER TABLE `user_cover_pic`
  MODIFY `cover_id` int(7) NOT NULL AUTO_INCREMENT, AUTO_INCREMENT=23;
--
-- AUTO_INCREMENT for table `user_post`
--
ALTER TABLE `user_post`
  MODIFY `post_id` int(7) NOT NULL AUTO_INCREMENT, AUTO_INCREMENT=81;
--
-- AUTO_INCREMENT for table `user_post_comment`
--
ALTER TABLE `user_post_comment`
  MODIFY `comment_id` int(7) NOT NULL AUTO_INCREMENT, AUTO_INCREMENT=2;
--
-- AUTO_INCREMENT for table `user_post_status`
--
ALTER TABLE `user_post_status`
  MODIFY `status_id` int(7) NOT NULL AUTO_INCREMENT, AUTO_INCREMENT=30;
--
-- AUTO_INCREMENT for table `user_profile_pic`
--
ALTER TABLE `user_profile_pic`
  MODIFY `profile_id` int(7) NOT NULL AUTO_INCREMENT, AUTO_INCREMENT=24;
--
-- Constraints for dumped tables
--

--
-- Constraints for table `feedback`
--
ALTER TABLE `feedback`
  ADD CONSTRAINT `feedback_ibfk_1` FOREIGN KEY (`user_id`) REFERENCES `users` (`user_id`) ON DELETE CASCADE;

--
-- Constraints for table `group_chat`
--
ALTER TABLE `group_chat`
  ADD CONSTRAINT `group_chat_ibfk_1` FOREIGN KEY (`user_id`) REFERENCES `users` (`user_id`) ON DELETE CASCADE;

--
-- Constraints for table `users_notice`
--
ALTER TABLE `users_notice`
  ADD CONSTRAINT `users_notice_ibfk_1` FOREIGN KEY (`user_id`) REFERENCES `users` (`user_id`) ON DELETE CASCADE;

--
-- Constraints for table `user_cover_pic`
--
ALTER TABLE `user_cover_pic`
  ADD CONSTRAINT `user_cover_pic_ibfk_1` FOREIGN KEY (`user_id`) REFERENCES `users` (`user_id`) ON DELETE CASCADE;

--
-- Constraints for table `user_info`
--
ALTER TABLE `user_info`
  ADD CONSTRAINT `user_info_ibfk_1` FOREIGN KEY (`user_id`) REFERENCES `users` (`user_id`) ON DELETE CASCADE;

--
-- Constraints for table `user_post`
--
ALTER TABLE `user_post`
  ADD CONSTRAINT `user_post_ibfk_1` FOREIGN KEY (`user_id`) REFERENCES `users` (`user_id`) ON DELETE CASCADE;

--
-- Constraints for table `user_post_comment`
--
ALTER TABLE `user_post_comment`
  ADD CONSTRAINT `user_post_comment_ibfk_1` FOREIGN KEY (`user_id`) REFERENCES `users` (`user_id`) ON DELETE CASCADE,
  ADD CONSTRAINT `user_post_comment_ibfk_2` FOREIGN KEY (`post_id`) REFERENCES `user_post` (`post_id`) ON DELETE CASCADE;

--
-- Constraints for table `user_post_status`
--
ALTER TABLE `user_post_status`
  ADD CONSTRAINT `user_post_status_ibfk_1` FOREIGN KEY (`user_id`) REFERENCES `users` (`user_id`) ON DELETE CASCADE,
  ADD CONSTRAINT `user_post_status_ibfk_2` FOREIGN KEY (`user_id`) REFERENCES `user_post` (`user_id`) ON DELETE CASCADE;

--
-- Constraints for table `user_profile_pic`
--
ALTER TABLE `user_profile_pic`
  ADD CONSTRAINT `user_profile_pic_ibfk_1` FOREIGN KEY (`user_id`) REFERENCES `users` (`user_id`) ON DELETE CASCADE;

--
-- Constraints for table `user_secret_quotes`
--
ALTER TABLE `user_secret_quotes`
  ADD CONSTRAINT `user_secret_quotes_ibfk_1` FOREIGN KEY (`user_id`) REFERENCES `users` (`user_id`) ON DELETE CASCADE;

--
-- Constraints for table `user_status`
--
ALTER TABLE `user_status`
  ADD CONSTRAINT `user_status_ibfk_1` FOREIGN KEY (`user_id`) REFERENCES `users` (`user_id`) ON DELETE CASCADE,
  ADD CONSTRAINT `user_status_ibfk_2` FOREIGN KEY (`user_id`) REFERENCES `users` (`user_id`) ON DELETE CASCADE;

--
-- Constraints for table `user_warning`
--
ALTER TABLE `user_warning`
  ADD CONSTRAINT `user_warning_ibfk_1` FOREIGN KEY (`user_id`) REFERENCES `users` (`user_id`) ON DELETE CASCADE;

/*!40101 SET CHARACTER_SET_CLIENT=@OLD_CHARACTER_SET_CLIENT */;
/*!40101 SET CHARACTER_SET_RESULTS=@OLD_CHARACTER_SET_RESULTS */;
/*!40101 SET COLLATION_CONNECTION=@OLD_COLLATION_CONNECTION */;
